"","Mean","Median","Mode","ESS","HDImass","HDIlow","HDIhigh","CompVal","PcntGtCompVal","ROPElow","ROPEhigh","PcntLtROPE","PcntInROPE","PcntGtROPE"
"beta0",-5.37274909106667,-5.333755,-5.41168987904598,11901.6,0.95,-7.8213,-3.01211,NA,NA,NA,NA,NA,NA,NA
"beta",0.0334177995473333,0.03314525,0.0338470887701266,12046.9,0.95,0.0179616,0.0482418,NA,NA,NA,NA,NA,NA,NA
"zbeta0",-0.082346831110798,-0.0840603,-0.0923361529149798,13511.3,0.95,-0.50401,0.345716,NA,NA,NA,NA,NA,NA,NA
"zbeta",1.19210501926667,1.18238,1.20741867441261,12046.9,0.95,0.64074,1.72092,NA,NA,NA,NA,NA,NA,NA
